﻿<?xml version="1.0"?>
<ArrayOfDialogChunk xmlns:xsi="http://www.w3.org/2001/XMLSchema-instance" xmlns:xsd="http://www.w3.org/2001/XMLSchema">
  <DialogChunk>
    <id>Default</id>
    <speaker>OldMan</speaker>
    <textList>
      <string>Hey there! I'm a helpful NPC character. I'm 
here to give you hints and useful advice.</string>
      <string>Don't worry. You know you can trust me 
because I've got this sweet beard.</string>
    </textList>
    <pause>true</pause>
  </DialogChunk>
  <DialogChunk>
    <id>Help</id>
    <speaker>OldMan</speaker>
    <textList>
      <string>Collect all these yellow things to activate the door!</string>      
    </textList>
    <pause>true</pause>
  </DialogChunk>
  <DialogChunk>
    <id>Saving</id>
    <speaker>OldMan</speaker>
    <textList>
      <string>Saving... Don't turn off your computer!</string>      
    </textList>
    <pause>false</pause>
  </DialogChunk>
  <DialogChunk>
    <id>SaveComplete</id>
    <speaker>OldMan</speaker>
    <textList>
      <string>Save Successful</string>      
    </textList>
    <pause>false</pause>
  </DialogChunk>

  <DialogChunk>
    <id>LoadComplete</id>
    <speaker>OldMan</speaker>
    <textList>
      <string>Load Successful</string>      
    </textList>
    <pause>false</pause>
  </DialogChunk>

  <DialogChunk>
    <id>RedPowerStation</id>
    <speaker>OldMan</speaker>
    <textList>
      <string>You've collected a Health Cube. Collect
several of these to increase your health.</string>      
    </textList>
    <pause>true</pause>
  </DialogChunk>

  <DialogChunk>
    <id>RedPowerStationFull</id>
    <speaker>OldMan</speaker>
    <textList>
      <string>
        You've collected enough Health Cubes to increase your health bar.
      </string>
      <string>
        Collect more to increase your health even more.
      </string>
    </textList>
    <pause>true</pause>
  </DialogChunk>

  <DialogChunk>
    <id>BluePowerStation</id>
    <speaker>OldMan</speaker>
    <textList>
      <string>You've collected a Warp Cube. Collect
more to activate this sector's warp network.</string>      
    </textList>
    <pause>true</pause>
  </DialogChunk>

  <DialogChunk>
    <id>PowerUp</id>
    <speaker>System</speaker>
    <textList>
      <string>This door isn't powered. Collect more
power cubes.</string>      
    </textList>
    <pause>false</pause>
  </DialogChunk>
  <DialogChunk>
    <id>ChaseBoss1</id>
    <speaker>ChaseBoss</speaker>
    <textList>
      <string>Bwahahahaha. Puny pajama man! I will crush 
you!</string>      
    </textList>
    <pause>true</pause>
  </DialogChunk>
  <DialogChunk>
    <id>ChaseBoss2</id>
    <speaker>ChaseBoss</speaker>
    <textList>
      <string>Ack! I'm stuck... You'll pay for this!</string>
    </textList>
  </DialogChunk>
  <DialogChunk>
    <id>ChaseBoss3</id>
    <speaker>ChaseBoss</speaker>
    <textList>
      <string>No wait! Don't touch that! Stay away from my
vulnerable backside!</string>
    </textList>
    <pause>false</pause>
  </DialogChunk>
  <DialogChunk>
    <id>ChaseBoss4</id>
    <speaker>ChaseBoss</speaker>
    <textList>
      <string>Ouch! That hurt!</string>
    </textList>
    <pause>false</pause>
  </DialogChunk>
  <DialogChunk>
    <id>ChaseBoss5</id>
    <speaker>ChaseBoss</speaker>
    <textList>
      <string>Noooooo! I've been defeated by a dude in green
pajamas!</string>
    </textList>
    <pause>false</pause>
  </DialogChunk>
  <DialogChunk>
    <id>ArmorBoss1</id>
    <speaker>ArmorBoss</speaker>
    <textList>
      <string>Haha! Fool! Your weapons will never penetrate
my invincible armor!</string>
      <string>Prepare to die!!!</string>
    </textList>
    <pause>true</pause>
  </DialogChunk>
  <DialogChunk>
    <id>ArmorBoss4</id>
    <speaker>ArmorBoss</speaker>
    <textList>
      <string>Nooo... brothers... avenge me!</string>
    </textList>
    <pause>false</pause>
  </DialogChunk>
  <DialogChunk>
    <id>ArmorBoss2</id>
    <speaker>ArmorBoss</speaker>
    <textList>
      <string>Ack! You've found my weak spot!</string>
    </textList>
    <pause>false</pause>
  </DialogChunk>
  <DialogChunk>
    <id>ArmorBoss3</id>
    <speaker>ArmorBoss</speaker>
    <textList>
      <string>Oh yeah? Let's see how you deal with my heat 
seeking missiles?</string>
    </textList>
    <pause>false</pause>
  </DialogChunk>
  <DialogChunk>
    <id>IceSnake1</id>
    <speaker>IceSnake</speaker>
    <textList>
      <string>Muahaha. There's a sweet item in the
next room. But you'll never live to see it!
      </string>
      <string>
        Feel the icy wrath of... ICE SNAKE!
      </string>
    </textList>
    <pause>true</pause>
  </DialogChunk>
  <DialogChunk>
    <id>IceSnake2</id>
    <speaker>IceSnake</speaker>
    <textList>
      <string>Gah! My ice armor is cracking!
      </string>
    </textList>
    <pause>false</pause>
  </DialogChunk>
  <DialogChunk>
    <id>IceSnake3</id>
    <speaker>IceSnake</speaker>
    <textList>
      <string>Fool! You've thawed out my guns! Now I'll
get you!
      </string>
    </textList>
    <pause>false</pause>
  </DialogChunk>
  <DialogChunk>
    <id>IceSnake4</id>
    <speaker>IceSnake</speaker>
    <textList>
      <string>Ouch! You'll never defeat me!
      </string>
    </textList>
    <pause>false</pause>
  </DialogChunk>
  <DialogChunk>
    <id>IceSnake5</id>
    <speaker>IceSnake</speaker>
    <textList>
      <string>Nooo... I've failed!
      </string>
    </textList>
    <pause>false</pause>
  </DialogChunk>
  <DialogChunk>
    <id>SnowMan1</id>
    <speaker>SnowMan</speaker>
    <textList>
      <string>Bwahahaha. You can't hurt me! My ice armor is far too
strong for blasters!
      </string>
      <string>You've made it pretty far, but your
quest ends here! The third dimension will be ours!        
      </string>
    </textList>
    <pause>true</pause>
  </DialogChunk>
  <DialogChunk>
    <id>SnowMan2</id>
    <speaker>SnowMan</speaker>
    <textList>
      <string>What the? A loose block?!?
      </string>      
    </textList>
    <pause>false</pause>
  </DialogChunk>
  <DialogChunk>
    <id>SnowMan3</id>
    <speaker>SnowMan</speaker>
    <textList>
      <string>Curses! You've broken through my armor!</string>
    </textList>
    <pause>false</pause>
  </DialogChunk>
  <DialogChunk>
    <id>SnowMan4</id>
    <speaker>SnowMan</speaker>
    <textList>
      <string>Ah... that's better! Now where were we?
      </string>
    </textList>
    <pause>false</pause>
  </DialogChunk>
  <DialogChunk>
    <id>SnowMan5</id>
    <speaker>SnowMan</speaker>
    <textList>
      <string>You're a persistent little bugger aren't you...
      </string>
    </textList>
    <pause>false</pause>
  </DialogChunk>
  <DialogChunk>
    <id>SnowMan6</id>
    <speaker>SnowMan</speaker>
    <textList>
      <string>Nooooooooo...
      </string>
      <string>Oh whatever. Your DOOM awaits you in the Engine sector!
      </string>
    </textList>
    <pause>true</pause>
  </DialogChunk>
  <DialogChunk>
    <id>YouGotDoubleJump</id>
    <speaker>OldMan</speaker>
    <textList>
      <string>You unlocked the Rocket Boots!
      </string>
      <string>While equipped, you'll be able to perform
an extra jump while in mid-air.
      </string>
      <string>Walk to an item station and use the
Left or Right mouse button to equip them.</string>
    </textList>
    <pause>true</pause>
  </DialogChunk>
  <DialogChunk>
    <id>YouGotBlaster</id>
    <speaker>OldMan</speaker>
    <textList>
      <string>You unlocked the Blaster Gun!
      </string>
      <string>Once equipped, you'll be able to
use it to destroy enemies.</string>
      <string>Walk to an item station and use the
Left or Right mouse button to equip it.
      </string>
    </textList>
    <pause>true</pause>
  </DialogChunk>
  <DialogChunk>
    <id>YouGotWallJump</id>
    <speaker>OldMan</speaker>
    <textList>
      <string>You unlocked the Wall Jump Boots!
      </string>
      <string>While equipped, you'll be able to
jump off walls indefinitely.
      </string>
      <string>Walk to an item station and use the
Left or Right mouse button to equip them.
      </string>
    </textList>
    <pause>true</pause>
  </DialogChunk>
  <DialogChunk>
    <id>YouGotGravityBoots</id>
    <speaker>OldMan</speaker>
    <textList>
      <string>You unlocked the Gravity Boots!
      </string>
      <string>
        While equipped, you'll be able to walk
on certain walls!
      </string>
      <string>Walk to an item station and use the
Left or Right mouse button to equip them.
      </string>
    </textList>
    <pause>true</pause>
  </DialogChunk>
  <DialogChunk>
    <id>YouGotLaserCannon</id>
    <speaker>OldMan</speaker>
    <textList>
      <string>You unlocked the Laser Cannon!
      </string>
      <string>The Laser Cannon has a much longer range than
the Blaster, and can be used to activate special switches.
      </string>
      <string>Walk to an item station and use the
Left or Right mouse button to equip them.
      </string>
    </textList>
    <pause>true</pause>
  </DialogChunk>
  <DialogChunk>
    <id>YouGotThruster</id>
    <speaker>OldMan</speaker>
    <textList>
      <string>You unlocked the Thruster Pack!  </string>
      <string>Equip and use the Thruster Pack to launch 
yourself horizonatlly at extreme speeds.</string>
      <string>Walk to an item station and use the
Left or Right mouse button to equip them. </string>
    </textList>
    <pause>true</pause>
  </DialogChunk>
<DialogChunk>
    <id>YouGotMissile</id>
    <speaker>OldMan</speaker>
    <textList>
      <string>You unlocked the Missile Launcher!  </string>
      <string>Missiles have explosive power. Use them to
destroy certain blocks as well as enemy armor.</string>
      <string>Walk to an item station and use the
Left or Right mouse button to equip them. </string>
    </textList>
    <pause>true</pause>
  </DialogChunk>
<DialogChunk>
    <id>YouGotWallJumpModule</id>
    <speaker>OldMan</speaker>
    <textList>
      <string>You got the Wall Jump Module!  </string>
      <string>Now you can perform wall jumps without
taking up an inventory slot!</string>      
    </textList>
    <pause>true</pause>
  </DialogChunk>
<DialogChunk>
    <id>YouGotGravityModule</id>
    <speaker>OldMan</speaker>
    <textList>
      <string>You got the Gravity Module!  </string>
      <string>Now you can walk on Gravity Strips
without taking up an inventory slot!</string>      
    </textList>
    <pause>true</pause>
  </DialogChunk>
<DialogChunk>
    <id>YouGotImprovedJumpModule</id>
    <speaker>OldMan</speaker>
    <textList>
      <string>You got the Advanced Jump Module!  </string>
      <string>Now you can jump higher without using
an inventory slot!</string>      
    </textList>
    <pause>true</pause>
  </DialogChunk>
<DialogChunk>
    <id>YouGotSpinHook</id>
    <speaker>OldMan</speaker>
    <textList>
      <string>You unlocked the Spin Hook!  </string>
      <string>Use it to grapple special targets and
rotate your orientation.</string>      
      <string>Walk to an item station and use the
Left or Right mouse button to equip it. </string>
    </textList>
    <pause>true</pause>
</DialogChunk>
<DialogChunk>
    <id>YouGotJetPack</id>
    <speaker>OldMan</speaker>
    <textList>
      <string>You unlocked the Jet Pack!  </string>
      <string>Use it to fly high into the air. Jet
pack fuel will regenerate while on the ground.</string>      
      <string>Walk to an item station and use the
Left or Right mouse button to equip it. </string>
    </textList>
    <pause>true</pause>
</DialogChunk>
<DialogChunk>
    <id>YouGotPhaseBelt</id>
    <speaker>OldMan</speaker>
    <textList>
      <string>You unlocked the Phase Belt! </string>
      <string>Use it to transform into raw energy and
warp through entire rooms!</string>      
      <string>Walk to an item station and use the
Left or Right mouse button to equip it. </string>
    </textList>
    <pause>true</pause>
</DialogChunk>
<DialogChunk>
    <id>YouGotYellowKey</id>
    <speaker>OldMan</speaker>
    <textList>
      <string>You got the Yellow Access Codes!  </string>
      <string>Now you can access Yellow Switches without
taking up an inventory slot.</string>            
    </textList>
    <pause>true</pause>
</DialogChunk>
<DialogChunk>
    <id>YouGotRedKey</id>
    <speaker>OldMan</speaker>
    <textList>
      <string>You got the Red Access Codes!  </string>
      <string>Now you can access Red Switches without
taking up an inventory slot.</string>            
    </textList>
    <pause>true</pause>
</DialogChunk>
<DialogChunk>
    <id>YouGotBlueKey</id>
    <speaker>OldMan</speaker>
    <textList>
      <string>You got the Blue Access Codes!  </string>
      <string>Now you can access Blue Switches without
taking up an inventory slot.</string>            
    </textList>
    <pause>true</pause>
</DialogChunk>
<DialogChunk>
    <id>pressspacebar</id>
    <speaker>OldMan</speaker>
    <textList>
      <string>Press Space Bar to begin!</string>       
    </textList>
    <pause>true</pause>
</DialogChunk>
<DialogChunk>
    <id>intromovehelp</id>
    <speaker>OldMan</speaker>
    <textList>
      <string>Use the 'A' and 'D' keys to run, and the 'W' 
key to jump!</string>       
    </textList>
    <pause>false</pause>
</DialogChunk>
<DialogChunk>
    <id>introusehelp</id>
    <speaker>OldMan</speaker>
    <textList>
      <string>To begin your adventure, walk up to a load
station and hit the 'E' key.</string>       
    </textList>
    <pause>false</pause>
</DialogChunk>
<DialogChunk>
    <id>introlookhelp</id>
    <speaker>OldMan</speaker>
    <textList>
      <string>Move the mouse to look around and get
a better view of your environment.</string>       
    </textList>
    <pause>false</pause>
</DialogChunk>

<DialogChunk>
    <id>tutorial_basiccontrols</id>
    <speaker>OldMan</speaker>
    <textList>
      <string>Hey Vex! I'm a hologram of a helpful old
man with a totally sweet beard!</string>
      <string>I'll be your guide as you explore the
station. Let's start with the basics...</string>
      <string>By now you've probably figured out that you 
can use the 'A' and 'D' keys to run.</string>
      <string>You can also use the 'W' key to jump, and the
'E' key to interact with an object.</string>
      <string>If you can interact with an object, a red 'E' 
will appear when you stand next to it.</string>
<string>Try to use that transport station over there.
The one that's flashing blue.</string>
    </textList>
    <pause>true</pause>
</DialogChunk>

<DialogChunk>
    <id>tutorial_powerup</id>
    <speaker>OldMan</speaker>
    <textList>
      <string>The whole station is experiencing a massive
power loss.</string>
      <string>If you run into an object without power,
you won't be able to use it.</string>
      <string>However, you can power up the station by
collecting yellow power cubes.</string>
      <string>Each cube you collect returns partial power
to the current room.</string>
      <string>Collect enough of them and everything should
start working again.</string>
    </textList>
    <pause>true</pause>
</DialogChunk>

<DialogChunk>
    <id>tutorial_jumpstations</id>
    <speaker>OldMan</speaker>
    <textList>
      <string>Transport stations will launch you from
room to room.</string>
      <string>They'll be your primary means of getting
around.</string>
      <string>If the station is unpowered, it'll be colored
dark gray. Find power cubes to activate it.</string>
      <string>If the station is flashing blue, that means
you haven't yet explored that way yet.</string>
      <string>If a station is powered, but has already
been explored, it'll be green.</string>      
    </textList>
    <pause>true</pause>
</DialogChunk>

<DialogChunk>
    <id>tutorial_onthewall</id>
    <speaker>OldMan</speaker>
    <textList>
      <string>Hey! Check that out. There's a transport
station on the wall!</string>
      <string>I know it sounds strange, but to access it,
you'll need to be on the wall too.</string>
    </textList>
    <pause>true</pause>
</DialogChunk>

<DialogChunk>
    <id>tutorial_bottomless</id>
    <speaker>OldMan</speaker>
    <textList>      
      <string>Don't forget you can use the mouse to
look around and get a better view of things.</string>
      <string>Hey... is that a bottomless pit? Eh...
you're a tough guy. You'll be fine.</string>
    </textList>
    <pause>true</pause>
</DialogChunk>

<DialogChunk>
    <id>tutorial_upgrades</id>
    <speaker>OldMan</speaker>
    <textList>      
      <string>You won't be able to get very far just
running and jumping.</string>
      <string>To explore new areas of the station, you'll
need to get some equipment.</string>
      <string>Gold colored doors indicate 
Upgrade Stations. These are super important.</string>
      <string>This Upgrade Station gives you the ability
to equip the Rocket Boots.</string>
      <string>To use an Upgrade Station, just walk up
to it and hit 'E'.</string>
    </textList>
    <pause>true</pause>
</DialogChunk>

<DialogChunk>
    <id>tutorial_items</id>
    <speaker>OldMan</speaker>
    <textList>      
      <string>Once you have the appropriate upgrades,
you can use Item Stations to equip stuff.</string>
      <string>To equip an item, stand next to the station
and hit either the Left or Right mouse button.</string>
      <string>Once equipped, you can use the Left
and Right Mouse Buttons to use your items.</string>
    </textList>
    <pause>true</pause>
</DialogChunk>

<DialogChunk>
    <id>tutorial_jumpitems</id>
    <speaker>OldMan</speaker>
    <textList>      
      <string>Certain items, such as the Rocket Boots
are special. These are Jump Items.</string>
      <string>Jump Items enhance your suit's natural
jumping ability.</string>
      <string>Because of this, you can use them either
with a mouse button, or with the 'W' key.</string>
      <string>It also means you can use the mouse
buttons for basic jumping as well.</string>
    </textList>
    <pause>true</pause>
</DialogChunk>

<DialogChunk>
    <id>tutorial_monsters</id>
    <speaker>OldMan</speaker>
    <textList>      
      <string>Watch out, Vex. There are several
monsters in this room!</string>
      <string>Without some sort of weapon, there's
not much you can do but avoid them.</string>
    </textList>
    <pause>true</pause>
</DialogChunk>

<DialogChunk>
    <id>tutorial_monstercubes</id>
    <speaker>OldMan</speaker>
    <textList>      
      <string>Gah... these critters have been 
chewing on the power cables.</string>
      <string>If you find some way to destroy them
you'll get additional power cubes.</string>
      <string>You should come back here after you've
found a weapon!</string>
    </textList>
    <pause>true</pause>
</DialogChunk>

<DialogChunk>
    <id>tutorial_reditemstation</id>
    <speaker>OldMan</speaker>
    <textList>      
      <string>You can only use an Item Station if
you've collected the appropriate upgrade.</string>
      <string>If you can't use a station, it will
be colored Red.</string>
      <string>But if the station is green, you can
use a Mouse button to equip an item.</string>
    </textList>
    <pause>true</pause>
</DialogChunk>

<DialogChunk>
    <id>tutorial_redorbs</id>
    <speaker>OldMan</speaker>
    <textList>      
      <string>This station stores a special Red power cube.</string>
    <string>Red Power Cubes enhance your suit's shielding 
capabilities.</string>
    <string>If you collect 5 Red Cubes, you'll increase
your health meter.</string>
    </textList>
    <pause>true</pause>
</DialogChunk>

<DialogChunk>
    <id>tutorial_zoom</id>
    <speaker>OldMan</speaker>
    <textList>      
      <string>Watch out for those spikes!
They look pretty painful.</string>
    <string>Also, this room is pretty large. You might
need to zoom out to get a better look.</string>
    <string>Use the mouse wheel to zoom out the
camera so you can find the power cubes.</string>
    </textList>
    <pause>true</pause>
</DialogChunk>

<DialogChunk>
    <id>tutorial_save</id>
    <speaker>OldMan</speaker>
    <textList>      
      <string>I've got a bad feeling about this, Vex.</string>    
      <string>You should check out this Save Station
before you continue on to the next room.</string>    
    <string>These will save your progress so that
you can continue your adventure later.</string>    
    </textList>
    <pause>true</pause>
</DialogChunk>
<DialogChunk>
    <id>FinalBoss1</id>
    <speaker>FinalBoss</speaker>
    <textList>              
    <string>I'm impressed you've made it this far.</string>    
    <string>But your efforts are in vain! I've already begun
my journey to the third dimension!</string>    
    <string>Your puny two dimensional form has no hope of
stopping me now!</string>    
    <string>Guards! Destroy him!</string>    
    </textList>
    <pause>true</pause>
</DialogChunk>
<DialogChunk>
    <id>FinalBoss2</id>
    <speaker>FinalBoss</speaker>
    <textList>              
    <string>Impossible! How did you do that?</string>    
    <string>Grrrrr! I will not be denied. The third
dimension is MINE!</string>    
    </textList>
    <pause>true</pause>
</DialogChunk>
<DialogChunk>
    <id>FinalBoss3</id>
    <speaker>FinalBoss</speaker>
    <textList>              
    <string>Noooooo... What have you done?!?</string>    
    <string>Fool! You've destabilized the dimensional
rift.</string>
    <string>Hahahaha...</string>
    <string>I may be defeated... but you'll never make it out
here alive! Hahahahaha...</string>
    </textList>
    <pause>true</pause>
</DialogChunk>

<DialogChunk>
    <id>FinalArmor1</id>
    <speaker>ArmorBoss</speaker>
    <textList>              
    <string>Well, well, well. Look who we have here.</string>    
    <string>You may have defeated Armortron...</string>    
    <string>You may have defeated the Armortron brothers...</string>    
    <string>But now you face the combined might of the 
Armortron COUSINS!!!</string>    
    </textList>
    <pause>true</pause>
</DialogChunk>

<DialogChunk>
    <id>FinalArmorDead</id>
    <speaker>ArmorBoss</speaker>
    <textList>              
    <string>Yearg!!!</string>    
    </textList>
    <pause>false</pause>
</DialogChunk>

<DialogChunk>
    <id>FinalArmorLastDead</id>
    <speaker>ArmorBoss</speaker>
    <textList>              
    <string>We've all been destroyed!?! Inconceivable!</string>    
    </textList>
    <pause>false</pause>
</DialogChunk>

<DialogChunk>
    <id>MedArmor1</id>
    <speaker>ArmorBoss</speaker>
    <textList>              
    <string>I can't believe Armortron Prime let you defeat her.</string>    
    <string>Lets see how you handle the Armortron brothers?!?</string>    
    </textList>
    <pause>true</pause>
</DialogChunk>

<DialogChunk>
    <id>MedArmorDead</id>
    <speaker>ArmorBoss</speaker>
    <textList>              
    <string>Yearg!!!</string>    
    </textList>
    <pause>false</pause>
</DialogChunk>
<DialogChunk>
    <id>MedArmorLastDead</id>
    <speaker>ArmorBoss</speaker>
    <textList>              
    <string>Nooooo... Cousins... avenge me!</string>    
    </textList>
    <pause>false</pause>
</DialogChunk>

  <DialogChunk>
    <id>CommandBoss1</id>
    <speaker>CommandBoss</speaker>
    <textList>
      <string>You'll never break through my
laser-proof armor!</string>
      <string>Prepare to be destroyed!</string>
    </textList>
    <pause>true</pause>
  </DialogChunk>
    <DialogChunk>
    <id>CommandBoss2</id>
    <speaker>CommandBoss</speaker>
    <textList>
      <string>Ack!</string>      
    </textList>
    <pause>false</pause>
  </DialogChunk>
  <DialogChunk>
    <id>CommandBoss3</id>
    <speaker>CommandBoss</speaker>
    <textList>
      <string>Curses! My armor!</string>      
    </textList>
    <pause>false</pause>
  </DialogChunk>
    <DialogChunk>
    <id>CommandBoss4</id>
    <speaker>CommandBoss</speaker>
    <textList>
      <string>You'll pay for that!</string>      
    </textList>
    <pause>false</pause>
  </DialogChunk>
    <DialogChunk>
    <id>CommandBoss5</id>
    <speaker>CommandBoss</speaker>
    <textList>
      <string>Nooooo! I've been defeated!</string>      
    </textList>
    <pause>false</pause>
  </DialogChunk>
    <DialogChunk>
    <id>FireChase1</id>
    <speaker>FireBoss</speaker>
    <textList>
      <string>Hahahaha... you'll never escape me!</string>      
    </textList>
    <pause>true</pause>
  </DialogChunk>
  <DialogChunk>
    <id>JetBoss1</id>
    <speaker>JetBoss</speaker>
    <textList>
      <string>Hahahaha. Your journey ends here!</string>      
      <string>Come and get me!</string>      
    </textList>
    <pause>true</pause>
  </DialogChunk>
  <DialogChunk>
    <id>JetBoss2</id>
    <speaker>JetBoss</speaker>
    <textList>
      <string>Grrr! I'll get you!</string>      
    </textList>
    <pause>false</pause>
  </DialogChunk>
  <DialogChunk>
    <id>JetBoss3</id>
    <speaker>JetBoss</speaker>
    <textList>
      <string>All guns, open fire!</string>      
    </textList>
    <pause>false</pause>
  </DialogChunk>
  <DialogChunk>
    <id>JetBoss4</id>
    <speaker>JetBoss</speaker>
    <textList>
      <string>Nooo. I've failed.</string>      
    </textList>
    <pause>false</pause>
  </DialogChunk>

  <DialogChunk>
    <id>TriggerText</id>
    <speaker>OldMan</speaker>
    <textList>
      <string>Testing...</string>
    </textList>
    <pause>true</pause>
  </DialogChunk>

  <DialogChunk>
    <id>keychamberinfo</id>
    <speaker>OldMan</speaker>
    <textList>
      <string>The Central Processing Unit is protected by a tight security
      system.</string>
      <string>
        All three colored key codes are required to enter.
      </string>
      <string>
        You'll find an upgrade to use yellow key codes in the Rocket Launch Tube.
      </string>
      <string>
        You'll find the Launch Tube through the Hangar Bay.
      </string>
      <string>
        You can find red and blue access codes inside the command cube.
      </string>
      <string>
        If you bring them back to this room one at a time, you can unlock the stations below. 
      </string>
      <string>
        Then you can come back for the codes whenever you want.
      </string>
    </textList>
    <pause>true</pause>
  </DialogChunk>

  <DialogChunk>
    <id>primarystoragehelp</id>
    <speaker>OldMan</speaker>
    <textList>
      <string>
        You'll need to move these cargo containers out of the way to proceed.
      </string>
      <string>
        Look for different ways to enter this room.
      </string>
      <string>
        Once you've moved all three containers, you should be able to continue.
      </string>
    </textList>
    <pause>true</pause>
  </DialogChunk>

  <DialogChunk>
    <id>tutorial_warp</id>
    <speaker>OldMan</speaker>
    <textList>
      <string>
        Vex. This is a warp station. You can use it for fast travel around the sector.
      </string>
      <string>
        Each sector's warp network is powered by blue power cubes.
      </string>
      <string>
        Blue cubes can be found in special power stations hidden throughout the station.
      </string>
    </textList>
    <pause>true</pause>
  </DialogChunk>

  <DialogChunk>
    <id>tutorial_rotate</id>
    <speaker>OldMan</speaker>
    <textList>
      <string>
        You'll need to oriented the right way to use these stations.
      </string>
      <string>
        If you're stuck, maybe try approaching the problem from a different direction.
      </string>
    </textList>
    <pause>false</pause>
  </DialogChunk>

  <DialogChunk>
    <id>tutorial_key</id>
    <speaker>OldMan</speaker>
    <textList>
      <string>
        Here's a blue key card that you can use to activate certain switches.
      </string>
      <string>
        Key cards take up slots in your inventory just like other items.
      </string>
      <string>
        Try equipping the key to your second inventory slot.
      </string>
    </textList>
    <pause>false</pause>
  </DialogChunk>


  <DialogChunk>
    <id>tutorial_start</id>
    <speaker>OldMan</speaker>
    <textList>
      <string>
        Welcome, Vex! Walk up to the holoprojector and hit the 'E' key.
      </string>      
    </textList>
    <pause>true</pause>
  </DialogChunk>


</ArrayOfDialogChunk>